@timestamp,@version,__typename,_id,_index,_score,_type,accessibility_caption,comments_disabled,created_at,did_report_as_spam,dimensions.height,dimensions.width,display_url,edge_liked_by.count,edge_media_preview_like.count,edge_media_to_comment.count,fact_check_information,fact_check_overall_rating,gating_info,id,insta_description,is_restricted_pending,is_video,location,location.has_public_page,location.id,location.name,location.slug,media_preview,message,owner.id,owner.username,shortcode,taken_at_timestamp,text,thumbnail_src,viewer_has_liked
"Mar 17, 2020 @ 19:28:50.251",1,GraphImage,Byf46XABCuLPJKLpUgCz,insta_data-2020.02.26-000001,,_doc,"Photo by üíàVineyardBarbersBarbershopüíà in Oxnard, California. Image may contain: sky, possible text that says 'OPEN for BUSINESS'",false,0,false,899,"1,080",https://scontent-frx5-1.cdninstagram.com/v/t51.2885-15/e35/89951561_143626860463632_1607186556567169623_n.jpg?_nc_ht=scontent-frx5-1.cdninstagram.com&_nc_cat=100&_nc_ohc=EixQUg1TJ_wAX_-NACC&oh=e9fbc089d932dd75aa1c57352b3ef5f0&oe=5EA3C4A2,4,4,0,,,,2267047347882049278,"Open for BIZ !
DISINFECTING & CLEANING will be done @ a higher frequency than it already was.
Visit CDC.GOV for best practices.
‚òéÔ∏è(805)351-9172‚òéÔ∏è
‚òéÔ∏è(805)351-9172‚òéÔ∏è
‚òéÔ∏è(805)351-9172‚òéÔ∏è
.
.
.
.
.
.

#barbershop #barbers #barber #barberlife #barbering #cuts #promos #tuesday #hair #style #oxnard #ventura #ojai #camarillo #santabarbara #santapaula #simivalley #thousandoaks #moorepark #saticoy #elrio #venturacounty #socal #california #westcoast #usa #america #men #kids #losangeles",false,false,"{""id"":""218135156"",""slug"":""oxnard-california"",""has_public_page"":true,""name"":""Oxnard, California""}",True,218135156,"Oxnard, California",oxnard-california,,,4301259572,vineyard_barbers,B92K40zgD7-,"1,584,473,125",,https://scontent-frx5-1.cdninstagram.com/v/t51.2885-15/sh0.08/e35/c75.0.749.749a/s640x640/89951561_143626860463632_1607186556567169623_n.jpg?_nc_ht=scontent-frx5-1.cdninstagram.com&_nc_cat=100&_nc_ohc=EixQUg1TJ_wAX_-NACC&oh=c3595581776dcd53bcda06dc9f564bda&oe=5EA76A12,false
"Mar 17, 2020 @ 19:28:49.862",1,GraphSidecar,Bif46XABCuLPJKLpUQAv,insta_data-2020.02.26-000001,,_doc,"Photo by Bullyhood Kennel on March 17, 2020. Image may contain: dog",false,0,false,"1,080","1,080",https://scontent-frt3-1.cdninstagram.com/v/t51.2885-15/e35/88409927_514256012622892_8481412648042345660_n.jpg?_nc_ht=scontent-frt3-1.cdninstagram.com&_nc_cat=104&_nc_ohc=SvNbjddTL04AX8cvZF4&oh=0415e85e9e9d3f28300745c69896c488&oe=5E9CF27F,2,2,0,,,,2267047402659925912,Have a few available pups DM serious inquiries only. Thanks üòò #americanbully #atlanta #beautiful #bullymagazine #bullyworld #bullylife #bullyworldwide #bullybreed #bullyhoodkennel #bestdogsintheworld #bullyhoodbloodline #bullylove #bullyhoodüíâ #bullyworldwide2 #wethebest #love #livingmybestlife #lifestyle #texas #northcarolina #southbeach #southcarolina #florida #california #availablepuppies,false,false,"{""id"":""213221157"",""slug"":""calabasas-california"",""has_public_page"":true,""name"":""Calabasas, California""}",True,213221157,"Calabasas, California",calabasas-california,,,12120528399,bullyhoodkennel,B92K5n0hE-Y,"1,584,473,131",,https://scontent-frt3-1.cdninstagram.com/v/t51.2885-15/sh0.08/e35/s640x640/88409927_514256012622892_8481412648042345660_n.jpg?_nc_ht=scontent-frt3-1.cdninstagram.com&_nc_cat=104&_nc_ohc=SvNbjddTL04AX8cvZF4&oh=3fbf6160b021a4eb8cf2350a1c2c247b&oe=5EA60E9A,false
"Mar 17, 2020 @ 19:28:49.421",1,GraphImage,BSf46XABCuLPJKLpTwB1,insta_data-2020.02.26-000001,,_doc,"Photo by ùô¥ùöõùöíùöåùöîùöä | ùöÇùöûùöó ùô≥ùöíùöéùöêùöò in San Diego, California with @visitsandiego, @vans, @sandiego, @ripwolf.light, and @huntersevenfoundation. Image may contain: 1 person, standing, sky and outdoor",false,0,false,"1,350","1,080",https://scontent-frt3-1.cdninstagram.com/v/t51.2885-15/e35/p1080x1080/90409534_2743399579088690_843751603863530981_n.jpg?_nc_ht=scontent-frt3-1.cdninstagram.com&_nc_cat=102&_nc_ohc=ZjpUM2deVl4AX95ZHbt&oh=51a1576eb5db4ba6c9b27b12b53c5248&oe=5EA55C2C,82,82,0,,,,2267047406134402365,"ùë™ùíâùíÇùíîùíäùíèùíà ùíëùíÇùíóùíÜùíéùíÜùíèùíï
.
.
. üì∏: @ripwolf.light 
#love #photooftheday #beautiful #quarantine #instagood #travel #picoftheday #girl #life #likeforlikes #happy #style #follow #cute #hair #friends #instadaily #girlswithtattoos #bestoftheday #travelgram #comment #likeforfollow #follow4follow #sandiego #lajolla #losangeles #pacificbeach #northpark #california #tattoos",false,false,"{""id"":""212983635"",""slug"":""san-diego-california"",""has_public_page"":true,""name"":""San Diego, California""}",True,212983635,"San Diego, California",san-diego-california,,,4785065744,ericka.lei,B92K5rDnJ09,"1,584,473,132",,https://scontent-frt3-1.cdninstagram.com/v/t51.2885-15/sh0.08/e35/c0.180.1440.1440a/s640x640/90409534_2743399579088690_843751603863530981_n.jpg?_nc_ht=scontent-frt3-1.cdninstagram.com&_nc_cat=102&_nc_ohc=ZjpUM2deVl4AX95ZHbt&oh=f1db48274b20da21c5633de1e20139d2&oe=5E9DE1BF,false
"Mar 17, 2020 @ 19:28:47.958",1,GraphImage,ASf46XABCuLPJKLpSQDA,insta_data-2020.02.26-000001,,_doc,Photo by ü¶Ö13 BOSSüëë in California U.S.A. Image may contain: stripes,false,0,false,"1,080","1,080",https://scontent-frt3-2.cdninstagram.com/v/t51.2885-15/e35/s1080x1080/90089637_213581163085755_4398982971601749323_n.jpg?_nc_ht=scontent-frt3-2.cdninstagram.com&_nc_cat=103&_nc_ohc=5xHZM1h3FTcAX8MhCm9&oh=100ff839d70266a8f992035b09f99c48&oe=5E9D844F,0,0,0,,,,2267047469610539082,"uNiTeD sTaTe aMeRiCa‚ù§Ô∏è‚ù§Ô∏è .
.
.
.#usa #unitedstates #unitedstatesofamerica #california #newyork #chicago #losangeles #sanfrancisco #united #state #of #america ‚ù§Ô∏è‚ù§Ô∏è‚ù§Ô∏è",false,false,"{""id"":""1024341475"",""slug"":""california-usa"",""has_public_page"":true,""name"":""California U.S.A""}",True,1024341475,California U.S.A,california-usa,,,16851825026,chowdri_tushar,B92K6mLFZhK,"1,584,473,139",,https://scontent-frt3-2.cdninstagram.com/v/t51.2885-15/sh0.08/e35/s640x640/90089637_213581163085755_4398982971601749323_n.jpg?_nc_ht=scontent-frt3-2.cdninstagram.com&_nc_cat=103&_nc_ohc=5xHZM1h3FTcAX8MhCm9&oh=3f84375d9e1fab38c4ecffca1ac505b1&oe=5E9CA5F8,false
"Mar 17, 2020 @ 19:28:46.914",1,GraphImage,6Cb46XABCuLPJKLpRf-q,insta_data-2020.02.26-000001,,_doc,Photo by Terese Garcia in Open Ground Studios. Image may contain: 1 person,false,0,false,"1,350","1,080",https://scontent-frt3-2.cdninstagram.com/v/t51.2885-15/e35/p1080x1080/90033658_2513380825576591_7975691680853433633_n.jpg?_nc_ht=scontent-frt3-2.cdninstagram.com&_nc_cat=107&_nc_ohc=jhmaBqZmhQQAX99lpqm&oh=58a93d621c961ab1d89d072082f3546a&oe=5EA73250,0,0,0,,,,2267047552338079282,"This is: ‚ÄúCeramic Muse‚Äù at the Cliff House, San Francisco, made in Italy in the early 1890‚Äôs. I think she‚Äôs inspiring during these hard times. Many blessings of wellness!#artinspiration#cliffhouse#sanfrancisco#hwy1#california#basrelief#sculpture#art}",false,false,"{""id"":""266437188"",""slug"":""open-ground-studios"",""has_public_page"":true,""name"":""Open Ground Studios""}",True,266437188,Open Ground Studios,open-ground-studios,,,11822332684,garcia.terese,B92K7zOB64y,"1,584,473,149",,https://scontent-frt3-2.cdninstagram.com/v/t51.2885-15/sh0.08/e35/c0.180.1440.1440a/s640x640/90033658_2513380825576591_7975691680853433633_n.jpg?_nc_ht=scontent-frt3-2.cdninstagram.com&_nc_cat=107&_nc_ohc=jhmaBqZmhQQAX99lpqm&oh=b6f6549ee90f7552f2c40db9685b056d&oe=5EA71FF4,false
"Mar 17, 2020 @ 19:28:46.513",1,GraphImage,5yb46XABCuLPJKLpRP8Z,insta_data-2020.02.26-000001,,_doc,"Photo by Latigo Coffee in Malibu, California. Image may contain: 1 person, sky, shoes, outdoor and nature",false,0,false,"1,350","1,080",https://scontent-frt3-1.cdninstagram.com/v/t51.2885-15/e35/p1080x1080/90092301_491906401717544_2889410162461347453_n.jpg?_nc_ht=scontent-frt3-1.cdninstagram.com&_nc_cat=108&_nc_ohc=peHOPj9FnZkAX-hKfYZ&oh=8b6475ea5008dda5adbc1767f086253a&oe=5EA089E0,2,2,0,,,,2267047562774389163,"An exploratory bike ride up Latigo Canyon last year, early spring after the devastating Woolsey Fire. Found this guy, just cruising. It‚Äôs quite likely very green up there right. Hope you can find some zen today amidst the weirdness üôèüèª
‚Å†‚†Ä‚†Ä‚†Ä‚†Ä‚†Ä‚†Ä‚†Ä‚†Ä‚†Ä‚†Ä‚†Ä‚†Ä‚†Ä‚†Ä‚†Ä‚†Ä‚†Ä‚†Ä
‚Å†‚†Ä‚†Ä‚†Ä‚†Ä‚†Ä‚†Ä‚†Ä‚†Ä‚†Ä‚†Ä‚†Ä‚†Ä‚†Ä‚†Ä‚†Ä‚†Ä‚†Ä‚†Ä
‚Å†‚†Ä‚†Ä‚†Ä‚†Ä‚†Ä‚†Ä‚†Ä‚†Ä‚†Ä‚†Ä‚†Ä‚†Ä‚†Ä‚†Ä‚†Ä‚†Ä‚†Ä‚†Ä
‚Å†‚†Ä‚†Ä‚†Ä‚†Ä‚†Ä‚†Ä‚†Ä‚†Ä‚†Ä‚†Ä‚†Ä‚†Ä‚†Ä‚†Ä‚†Ä‚†Ä‚†Ä‚†Ä
‚Å†‚†Ä‚†Ä‚†Ä‚†Ä‚†Ä‚†Ä‚†Ä‚†Ä‚†Ä‚†Ä‚†Ä‚†Ä‚†Ä‚†Ä‚†Ä‚†Ä‚†Ä‚†Ä‚Ä®#growoutside
#latigocoffee
#optoutside
#losangeles
#rideyourbike
#malibu
#california
#coffeeoutside",false,false,"{""id"":""213873866"",""slug"":""malibu-california"",""has_public_page"":true,""name"":""Malibu, California""}",True,213873866,"Malibu, California",malibu-california,,,3609067733,latigocoffee,B92K788FSGr,"1,584,473,151",,https://scontent-frt3-1.cdninstagram.com/v/t51.2885-15/sh0.08/e35/c0.180.1440.1440a/s640x640/90092301_491906401717544_2889410162461347453_n.jpg?_nc_ht=scontent-frt3-1.cdninstagram.com&_nc_cat=108&_nc_ohc=peHOPj9FnZkAX-hKfYZ&oh=d488dd6a65a0a7ccee6c5fb28e832a48&oe=5EA58C73,false
"Mar 17, 2020 @ 19:28:45.834",1,GraphImage,5Sb46XABCuLPJKLpQf9y,insta_data-2020.02.26-000001,,_doc,"Photo by Alexüå≤ Maxüèî Shino&Jasperüêï in Big Sur, California. Image may contain: plant, flower, tree, outdoor and nature",false,0,false,810,"1,080",https://scontent-frt3-1.cdninstagram.com/v/t51.2885-15/e35/s1080x1080/89822856_159477978843568_153099944967287662_n.jpg?_nc_ht=scontent-frt3-1.cdninstagram.com&_nc_cat=104&_nc_ohc=eNkWbgP8TUkAX80y4Sm&oh=c7347beb51115cb4121adfaa876db40b&oe=5EA2CD8E,1,1,0,,,,2267047566883736193,"The coast is starting to bloom! Stay tuned for more blossoms üåªüåºüå∏üå∫
.
.
.
.
.
.
.
.
.
#california #rvlife #bloom #flowers #blossom #flower #trees #spring #rainyseason #ontheroad #parks #recreation #outdoors #outdoorwomen #loveoutdoors #getoutside #gooutside #wandermore #wanderfolk #travel #lovelife #explore #love #happy #pretty #purple",false,false,"{""id"":""215995209"",""slug"":""big-sur-california"",""has_public_page"":true,""name"":""Big Sur, California""}",True,215995209,"Big Sur, California",big-sur-california,,,2274304994,wanderwild.rv,B92K8AxBMqB,"1,584,473,151",,https://scontent-frt3-1.cdninstagram.com/v/t51.2885-15/sh0.08/e35/c180.0.1080.1080a/s640x640/89822856_159477978843568_153099944967287662_n.jpg?_nc_ht=scontent-frt3-1.cdninstagram.com&_nc_cat=104&_nc_ohc=eNkWbgP8TUkAX80y4Sm&oh=eda68361b4cbbe1f57977155cfae0e95&oe=5EA04E5F,false
"Mar 17, 2020 @ 19:28:45.004",1,GraphSidecar,4yb46XABCuLPJKLpPv81,insta_data-2020.02.26-000001,,_doc,"Photo shared by SoulCycle / F45 Instructor on March 17, 2020 tagging @caseypowpow, @soulcycle, @fabletics, @f45_training, and @f45_lajolla_renaissance. Image may contain: 2 people, closeup",false,0,false,"1,080","1,080",https://scontent-frx5-1.cdninstagram.com/v/t51.2885-15/e35/s1080x1080/90089028_234833734354210_7225989182976707509_n.jpg?_nc_ht=scontent-frx5-1.cdninstagram.com&_nc_cat=110&_nc_ohc=UwMGrU-3bHEAX_3qNGf&oh=c0a848800ddb4636b8d43dd3c9fa650c&oe=5EA5BC69,17,17,0,,,,2267047584735878631,"üçÄAt homeSt Patrick‚Äôs Day Abs workout to Megan Thee Stallion (in our new @fabletics) swipe >> FOLLOW ALONG ON MY SPOTIFY for the *CLEAN playlist we used. Save this post for later to #movewithmaya for 7 min of abs!

BIG BOOTY = crunch song
:01-:40 crunches
:40-1:40 toe tap
1:40- 2:10 butterfly crunch

SAVAGE = hollow body / oblique
:01-:25 hollow body hold
:25-:55 tuck ups
:55-1:25 flutter kick (slow +fast)
1:25-1:45 Russian twists
1:45-2:10 scissor kicks
2:10-2:35 bicycles

CAPTAIN HOOK= plank
:01-:35 rainbows in low plank
:35-1:10 plank hold
1:10-1:45 right side plank
1:45-2:20 left side plank
2:20-3:00 moving plank

#fabletics #myfabletics #fableticspartner #soulcycleinstructor #athomeworkout #quarentine #workingfromhome #staysafe #stayhealthy #staymoving #workouttips #abs #athomeabs #stuckathome #quickworkout #sandiego #california #workoutbuddy #roommateworkout #bffworkout #silverlining #community #2020",false,false,"{""id"":""395073920986518"",""slug"":""maya-monza-soulcycle"",""has_public_page"":true,""name"":""Maya Monza - SoulCycle""}",True,395073920986518,Maya Monza - SoulCycle,maya-monza-soulcycle,,,12668853,mayamonza,B92K8RZFt3n,"1,584,473,153",,https://scontent-frx5-1.cdninstagram.com/v/t51.2885-15/sh0.08/e35/s640x640/90089028_234833734354210_7225989182976707509_n.jpg?_nc_ht=scontent-frx5-1.cdninstagram.com&_nc_cat=110&_nc_ohc=UwMGrU-3bHEAX_3qNGf&oh=e965d3851e0574d8184f211dd9ef9f80&oe=5EA0AEDE,false
"Mar 17, 2020 @ 19:28:44.501",1,GraphImage,4ib46XABCuLPJKLpPP8-,insta_data-2020.02.26-000001,,_doc,Photo by chrys chrys in Papa Cristo's Greek Grill & Market. Image may contain: possible text that says 'Still open regular hours for Carry-Out and Delivery ONLY! GREEK RESTAURANT PAPA RISTO -Dine-In Service -Big Fat Greek Thursday Night Dinners -Sunday AYCE BBQ's... Postponed Until Further Notice',false,0,false,750,750,https://scontent-frt3-1.cdninstagram.com/v/t51.2885-15/e35/90089862_636760923814024_3064935794815061382_n.jpg?_nc_ht=scontent-frt3-1.cdninstagram.com&_nc_cat=104&_nc_ohc=6xpwfgfRAR0AX8vMd1E&oh=5070cb0b98cb6cf07e15e4860c23686e&oe=5E9FEF11,2,2,0,,,,2267047610202536771,"Friends! We are following all the precautions and protocol currently implemented by the city. The good news is we are still open for Carry-Out and Delivery orders only. The bad news is that Dine-In service and our weekly events are postponed until further notice. Please contact us if you have any questions or need anything! Thanks! 323-737-2970.
.
.
#goodnews #greek #food #delivery #carryout #papacristos #losangeles #california",false,false,"{""id"":""220405818"",""slug"":""papa-cristos-greek-grill-market"",""has_public_page"":true,""name"":""Papa Cristo's Greek Grill & Market""}",True,220405818,Papa Cristo's Greek Grill & Market,papa-cristos-greek-grill-market,,,287508775,papacristos,B92K8pHBTtD,"1,584,473,156",,https://scontent-frt3-1.cdninstagram.com/v/t51.2885-15/sh0.08/e35/s640x640/90089862_636760923814024_3064935794815061382_n.jpg?_nc_ht=scontent-frt3-1.cdninstagram.com&_nc_cat=104&_nc_ohc=6xpwfgfRAR0AX8vMd1E&oh=bb57f4e9ea09216cff6edb125b998ca4&oe=5EA31DF4,false
"Mar 17, 2020 @ 19:28:44.051",1,GraphImage,4Sb46XABCuLPJKLpOv98,insta_data-2020.02.26-000001,,_doc,"Photo by Beks Whalen in Sacramento, California with @target.",false,0,false,"1,222","1,080",https://scontent-frx5-1.cdninstagram.com/v/t51.2885-15/e35/p1080x1080/90179920_876968149417997_2849377641073782365_n.jpg?_nc_ht=scontent-frx5-1.cdninstagram.com&_nc_cat=105&_nc_ohc=NbDahhP_IboAX8EGzXa&oh=531a011a7c73775ea43e1993cf12df84&oe=5EA552FB,3,3,0,,,,2267047624574446824,"Planet earth is one big team. Let‚Äôs not be a team divided. Whether you believe this is serious or not, be respectful of what is happening around us.
‚Ä¢
‚Ä¢
‚Ä¢
‚Ä¢
#dontbeajerk #washyourhands #stayinside #selfisolation #selfquarantine #imightgocrazy #ohwaitialreadyam #2020 #ootd #ootdfashion #outfitoftheday #instagood #instastyle #instafashion #instafit #fitspo #fashion #flatlay #streetstyle #mystyle #mystylediary #thedailyfit #sacramento #sacramentoblogger #covid_19 #california",false,false,"{""id"":""212931804"",""slug"":""sacramento-california"",""has_public_page"":true,""name"":""Sacramento, California""}",True,212931804,"Sacramento, California",sacramento-california,,,1838343985,the.daily.fit,B92K82fpyzo,"1,584,473,158",,https://scontent-frx5-1.cdninstagram.com/v/t51.2885-15/sh0.08/e35/c0.95.1440.1440a/s640x640/90179920_876968149417997_2849377641073782365_n.jpg?_nc_ht=scontent-frx5-1.cdninstagram.com&_nc_cat=105&_nc_ohc=NbDahhP_IboAX8EGzXa&oh=c5774268be4fa89034343105d2fe99ee&oe=5E9EFE27,false
"Mar 17, 2020 @ 19:28:43.383",1,GraphImage,3ib46XABCuLPJKLpN__i,insta_data-2020.02.26-000001,,_doc,"Photo by Kristyn Nurkka in Placentia, California. Image may contain: 1 person, closeup",false,0,false,"1,350","1,080",https://scontent-frt3-1.cdninstagram.com/v/t51.2885-15/e35/p1080x1080/90142827_1116340708718236_3177453369280363622_n.jpg?_nc_ht=scontent-frt3-1.cdninstagram.com&_nc_cat=104&_nc_ohc=ZSdppBqX5cUAX_qWj4o&oh=78c66833302533d6fee7a8d134804fed&oe=5EA65A94,2,2,0,,,,2267047689737159638,"Trying to feel normal in the midst of the weirdnessü¶ã‚Ä¢
‚Ä¢
‚Ä¢
‚Ä¢
‚Ä¢
‚Ä¢#losangeles #california #weird #makeup #whatatime",false,false,"{""id"":""237633578"",""slug"":""placentia-california"",""has_public_page"":true,""name"":""Placentia, California""}",True,237633578,"Placentia, California",placentia-california,,,16435398,kristynnurkka,B92K9zLp0PW,"1,584,473,166",,https://scontent-frt3-1.cdninstagram.com/v/t51.2885-15/sh0.08/e35/c0.180.1440.1440a/s640x640/90142827_1116340708718236_3177453369280363622_n.jpg?_nc_ht=scontent-frt3-1.cdninstagram.com&_nc_cat=104&_nc_ohc=ZSdppBqX5cUAX_qWj4o&oh=d4e4768130b1cc80603a6ee9f8876600&oe=5EA54E30,false
"Mar 17, 2020 @ 19:28:43.031",1,GraphImage,3Sb46XABCuLPJKLpNv-A,insta_data-2020.02.26-000001,,_doc,"Photo by My Marquee Posts in Dublin, Ireland.",false,0,false,"1,080","1,080",https://scontent-frt3-1.cdninstagram.com/v/t51.2885-15/e35/s1080x1080/83363456_517129679197000_8598135269594960199_n.jpg?_nc_ht=scontent-frt3-1.cdninstagram.com&_nc_cat=104&_nc_ohc=eX6_ZpiqOkoAX-7Kqrs&oh=088a77a7fe3f0723b37a6d5e663ac7e1&oe=5E9A95FF,0,0,0,,,,2267047715990970421,"Today, I‚Äôm reminded of that time honored Irish blessing, ‚ÄúMay you be in Costco an hour before your neighbor knows they‚Äôve restocked.‚Äù Sl√°inte, friends! üçÄüåàüßª#StPatricksDay .
.
.
.
.
.
.

#lightbox #lightboxquotes #letterboard #letterboardquotes #cinemalightbox #mycinemalightbox #redondobeach #california #marquee #marqueequotes #quotesdaily #wordstoliveby #instaquotes #quotestagram #homedecor #funny #funnyquotes #jokes #windowwisdom #coronavirus #covid19 #coronapocolypse #TPocalypse #panicshopping #lucky #stpaddysday #toiletpaper",false,false,"{""id"":""73347620"",""slug"":""dublin-ireland"",""has_public_page"":true,""name"":""Dublin, Ireland""}",True,73347620,"Dublin, Ireland",dublin-ireland,,,27843464066,my_marquee_posts,B92K-LogKA1,"1,584,473,169",,https://scontent-frt3-1.cdninstagram.com/v/t51.2885-15/sh0.08/e35/s640x640/83363456_517129679197000_8598135269594960199_n.jpg?_nc_ht=scontent-frt3-1.cdninstagram.com&_nc_cat=104&_nc_ohc=eX6_ZpiqOkoAX-7Kqrs&oh=f846b8c55402f9de51c552ad4a633bbf&oe=5E9FF848,false
"Mar 17, 2020 @ 19:28:42.681",1,GraphImage,3Cb46XABCuLPJKLpNf8h,insta_data-2020.02.26-000001,,_doc,"Photo by Lennar San Diego in Escondido, California. Image may contain: table and indoor",false,0,false,477,750,https://scontent-frx5-1.cdninstagram.com/v/t51.2885-15/e15/90091621_549036299059373_8281364411755391796_n.jpg?_nc_ht=scontent-frx5-1.cdninstagram.com&_nc_cat=105&_nc_ohc=qVManfIEBq8AX9ewFP9&oh=5da1d7f7025cd1f4bf66ed6c3d3feb3a&oe=5EA67A26,2,2,1,,,,2267047652558826114,"Would you LIKE this?! üòç This gorgeous home is a look inside our residence 3 model at Whittingham! 
View Whittingham (Link in Bio): New Homes in Escondido",false,false,"{""id"":""213521712"",""slug"":""escondido-california"",""has_public_page"":true,""name"":""Escondido, California""}",True,213521712,"Escondido, California",escondido-california,,,7069518815,lennarsandiego,B92K9QjpuqC,"1,584,473,170",,https://scontent-frx5-1.cdninstagram.com/v/t51.2885-15/e15/c131.0.458.458a/90091621_549036299059373_8281364411755391796_n.jpg?_nc_ht=scontent-frx5-1.cdninstagram.com&_nc_cat=105&_nc_ohc=qVManfIEBq8AX9ewFP9&oh=e5f71d2ad359f759f501146042aee378&oe=5EA00B4A,false
"Mar 17, 2020 @ 19:28:37.675",1,GraphImage,1ib46XABCuLPJKLpIf-T,insta_data-2020.02.26-000001,,_doc,"Photo by BleenChic in BleenChic with @bleenchic. Image may contain: 1 person, food",false,0,false,"1,080","1,080",https://scontent-frt3-2.cdninstagram.com/v/t51.2885-15/e35/s1080x1080/89968991_225712981914541_8808429616549804353_n.jpg?_nc_ht=scontent-frt3-2.cdninstagram.com&_nc_cat=101&_nc_ohc=VxV3-g0lyZcAX9fe43I&oh=864ebcc1f48628da3a6c529bd87bafe1&oe=5E9A50F2,6,6,1,,,,2267044001525591650,As of right now we‚Äôre open for takeout and DoorDash orders ONLY. Our temporary new hours are 9am-2pm Monday through Sunday. We will continue to closely monitor the situation and update you all as things change. Keep washing your hands!,false,false,"{""id"":""108099464123011"",""slug"":""bleenchic"",""has_public_page"":true,""name"":""BleenChic""}",True,108099464123011,BleenChic,bleenchic,,,11084398348,bleenchic,B92KIIRHO5i,"1,584,472,726",,https://scontent-frt3-2.cdninstagram.com/v/t51.2885-15/sh0.08/e35/s640x640/89968991_225712981914541_8808429616549804353_n.jpg?_nc_ht=scontent-frt3-2.cdninstagram.com&_nc_cat=101&_nc_ohc=VxV3-g0lyZcAX9fe43I&oh=a8f8177ecc9259ed633ba085491be2ca&oe=5EA36345,false
"Mar 17, 2020 @ 19:28:37.217",1,GraphSidecar,vyb46XABCuLPJKLpH__J,insta_data-2020.02.26-000001,,_doc,"Photo by Miami Gift on March 17, 2020. Image may contain: 1 person, standing",false,0,false,"1,350","1,080",https://scontent-frt3-2.cdninstagram.com/v/t51.2885-15/e35/p1080x1080/89298393_193200818643481_3258631561635553363_n.jpg?_nc_ht=scontent-frt3-2.cdninstagram.com&_nc_cat=101&_nc_ohc=-xslSBn_70wAX9amhTb&oh=57b1b6161c283a8d4d326552f5e86a27&oe=5E9E71E4,0,0,1,,,,2267044379692042056,Black and white outfit,false,false,"{""id"":""172790386572968"",""slug"":""miami-gift"",""has_public_page"":true,""name"":""Miami Gift""}",True,172790386572968,Miami Gift,miami-gift,,,3184794066,miamigift,B92KNodlwdI,"1,584,472,771",,https://scontent-frt3-2.cdninstagram.com/v/t51.2885-15/sh0.08/e35/c0.180.1440.1440a/s640x640/89298393_193200818643481_3258631561635553363_n.jpg?_nc_ht=scontent-frt3-2.cdninstagram.com&_nc_cat=101&_nc_ohc=-xslSBn_70wAX9amhTb&oh=fe2c57bf74305906783f8dfe37d137ea&oe=5EA0DF77,false
"Mar 17, 2020 @ 19:28:36.806",1,GraphSidecar,vib46XABCuLPJKLpHv8u,insta_data-2020.02.26-000001,,_doc,"Photo by Miami Gift on March 17, 2020. Image may contain: one or more people, people standing and indoor",false,0,false,"1,350","1,080",https://scontent-frx5-1.cdninstagram.com/v/t51.2885-15/e35/p1080x1080/90205322_898554483949355_8274259006136393752_n.jpg?_nc_ht=scontent-frx5-1.cdninstagram.com&_nc_cat=111&_nc_ohc=VyU-nL2OahEAX9ghWVQ&oh=14cf49c2c14a468282243931f3fdaf73&oe=5E9E6E48,0,0,1,,,,2267044790456849502,New arrivals üö®,false,false,"{""id"":""172790386572968"",""slug"":""miami-gift"",""has_public_page"":true,""name"":""Miami Gift""}",True,172790386572968,Miami Gift,miami-gift,,,3184794066,miamigift,B92KTnBFJRe,"1,584,472,820",,https://scontent-frx5-1.cdninstagram.com/v/t51.2885-15/sh0.08/e35/c0.180.1440.1440a/s640x640/90205322_898554483949355_8274259006136393752_n.jpg?_nc_ht=scontent-frx5-1.cdninstagram.com&_nc_cat=111&_nc_ohc=VyU-nL2OahEAX9ghWVQ&oh=fe35046563918f4ab003d655edf2751a&oe=5EA4AEDB,false
"Mar 17, 2020 @ 19:28:36.370",1,GraphImage,vSb46XABCuLPJKLpHP97,insta_data-2020.02.26-000001,,_doc,"Photo by Creig Nakano in San Francisco, California with @onlyinsf, @nbcbayarea, @sfchronicle, @sanfrancisco.city, @abc7newsbayarea, @sfbucketlist, @kron4tv, @wildbayarea, @sf_insta, @sanfrancisco_community, @best_of_sanfrancisco, @sanfranciscoworld, @san_francisco_live, and @sanfrancisco_now. Image may contain: sky and indoor",false,0,false,"1,124","1,080",https://scontent-frt3-1.cdninstagram.com/v/t51.2885-15/e35/p1080x1080/89938786_128985465338624_6748315145528806482_n.jpg?_nc_ht=scontent-frt3-1.cdninstagram.com&_nc_cat=108&_nc_ohc=UGWdtTO9_CcAX-RuHyQ&oh=0221f32070e9c2e73f38f9cc20445b85&oe=5EA5CE7D,10,10,1,,,,2267045146385070223,"DO NOT PANIC.

But do your part.

Please help prevent the spread of COVID-19 by minimizing interactions outside of your shelters for only bare essentials.

We are all in this together.

The more proactive we as a people are, the faster this thing goes away and we can resume a ‚Äúnormal‚Äù daily life.

LFG

#covid_19
#bayarea
#goldengatebridge
#creignakanophotography",false,false,"{""id"":""44961364"",""slug"":""san-francisco-california"",""has_public_page"":true,""name"":""San Francisco, California""}",True,44961364,"San Francisco, California",san-francisco-california,,,24784427,creignakano,B92KYygDjiP,"1,584,472,863",,https://scontent-frt3-1.cdninstagram.com/v/t51.2885-15/sh0.08/e35/c0.29.1440.1440a/s640x640/89938786_128985465338624_6748315145528806482_n.jpg?_nc_ht=scontent-frt3-1.cdninstagram.com&_nc_cat=108&_nc_ohc=UGWdtTO9_CcAX-RuHyQ&oh=8e754e690fe17f8455fbab83021d2291&oe=5EA41972,false
"Mar 17, 2020 @ 19:28:35.957",1,GraphImage,vCb46XABCuLPJKLpGv_e,insta_data-2020.02.26-000001,,_doc,Photo by Miami Gift in Miami Gift. Image may contain: jewelry,false,0,false,"1,350","1,080",https://scontent-frt3-2.cdninstagram.com/v/t51.2885-15/e35/p1080x1080/89932598_2661217344099249_3305550133257205332_n.jpg?_nc_ht=scontent-frt3-2.cdninstagram.com&_nc_cat=109&_nc_ohc=HcqMygzyCMMAX8rmlHt&oh=149c4838febdd78f16e3da0b6df9f9b6&oe=5EA48927,0,0,1,,,,2267045500099547615,@broswayusa Jewelry available online our store,false,false,"{""id"":""172790386572968"",""slug"":""miami-gift"",""has_public_page"":true,""name"":""Miami Gift""}",True,172790386572968,Miami Gift,miami-gift,,,3184794066,miamigift,B92Kd77FNHf,"1,584,472,905",,https://scontent-frt3-2.cdninstagram.com/v/t51.2885-15/sh0.08/e35/c0.180.1440.1440a/s640x640/89932598_2661217344099249_3305550133257205332_n.jpg?_nc_ht=scontent-frt3-2.cdninstagram.com&_nc_cat=109&_nc_ohc=HcqMygzyCMMAX8rmlHt&oh=039ae2dde40de2eebf35b584d3bfaaf6&oe=5E9CBF83,false
"Mar 17, 2020 @ 19:28:35.594",1,GraphImage,uyb46XABCuLPJKLpGf93,insta_data-2020.02.26-000001,,_doc,"Photo by Laguna Nursery in Laguna Nursery. Image may contain: 1 person, flower and plant",false,0,false,"1,181","1,080",https://scontent-frt3-2.cdninstagram.com/v/t51.2885-15/e35/p1080x1080/89966014_137565551116291_4897067303718092089_n.jpg?_nc_ht=scontent-frt3-2.cdninstagram.com&_nc_cat=107&_nc_ohc=D5M_ihfdlZwAX8nVWx_&oh=abfd5ee5b782cb9fcf5c2731f407c59d&oe=5E9C070D,2,2,1,,,,2267046151567185569,"We have üíê‚Äôs & happiness, where flowers bloom so does love...stop by we are open!",false,false,"{""id"":""1571701"",""slug"":""laguna-nursery"",""has_public_page"":true,""name"":""Laguna Nursery""}",True,1571701,Laguna Nursery,laguna-nursery,,,332947945,lagunanursery,B92KnaplBah,"1,584,472,982",,https://scontent-frt3-2.cdninstagram.com/v/t51.2885-15/sh0.08/e35/c0.64.1359.1359a/s640x640/89966014_137565551116291_4897067303718092089_n.jpg?_nc_ht=scontent-frt3-2.cdninstagram.com&_nc_cat=107&_nc_ohc=D5M_ihfdlZwAX8nVWx_&oh=a80836db2f9f0f9b4deb694041f99f00&oe=5EA506D1,false
"Mar 17, 2020 @ 19:28:35.238",1,GraphImage,uib46XABCuLPJKLpGP8P,insta_data-2020.02.26-000001,,_doc,Photo by Cinnamon‚ú® in California.,false,0,false,750,750,https://scontent-frt3-1.cdninstagram.com/v/t51.2885-15/e35/90429912_962205270843110_5706466989253168298_n.jpg?_nc_ht=scontent-frt3-1.cdninstagram.com&_nc_cat=102&_nc_ohc=oIuL44zutCgAX91nhks&oh=2dddfff1cf543ce1866c81ff05a0cf2a&oe=5E9DD86A,2,2,1,,,,2267046193165355021,"Happy Saint Patrick‚Äôs Day! üçÄüêàüåà
.
.
.
#HappySaintPatricksDay #SaintPatricksDay #green #clovers #Cinnamon #catlife #cats #catsofinstagram #persiancatsofinstagram #persiancat #brownpatchedtabby #orangeeyes #fluffycat #fatcat #silly #sillybilly #cuteness #California #SoCal",false,false,"{""id"":""255700994"",""slug"":""california"",""has_public_page"":true,""name"":""California""}",True,255700994,California,california,,,31375390979,cinnamon_the_persian,B92KoBZBcgN,"1,584,472,987",,https://scontent-frt3-1.cdninstagram.com/v/t51.2885-15/sh0.08/e35/s640x640/90429912_962205270843110_5706466989253168298_n.jpg?_nc_ht=scontent-frt3-1.cdninstagram.com&_nc_cat=102&_nc_ohc=oIuL44zutCgAX91nhks&oh=de95351fd932475bcf4ed6f732753ada&oe=5EA0DB8F,false
"Mar 17, 2020 @ 19:28:34.431",1,GraphImage,uCb46XABCuLPJKLpFP_n,insta_data-2020.02.26-000001,,_doc,"Photo by LIAH SIA LEE in Orange County, California. Image may contain: food",false,0,false,"1,080","1,080",https://scontent-frt3-1.cdninstagram.com/v/t51.2885-15/e35/s1080x1080/89941418_520463712185956_7966862050317533382_n.jpg?_nc_ht=scontent-frt3-1.cdninstagram.com&_nc_cat=104&_nc_ohc=FVHoa9EyXO8AX_j_Qhf&oh=ca8838ecbe6418bc54fdd52576956a06&oe=5E9D9C9C,3,3,2,,,,2267046316955744725,"‚†Ä
‚†Ä
Ïû• Ìïú Î≤à Î≥¥Í∏∞Í∞Ä ÎÑàÎ¨¥ ÌûòÎì§Îã§Î≥¥Îãà, Ï§ÑÏñ¥Í∞ÄÎäî ÏãùÎüâÏùÑ Î≥¥Î©¥ Í¥úÌûà Î∂àÏïàÌï¥ÏßÑÎã§ÎûÑÍπå...
‚†Ä
#ÏΩîÎ°úÎÇò19Ï°∞Ïã¨ÌïòÏÑ∏Ïöî
‚†Ä",false,false,"{""id"":""263259685"",""slug"":""orange-county-california"",""has_public_page"":true,""name"":""Orange County, California""}",True,263259685,"Orange County, California",orange-county-california,,,14404786162,liahsialee,B92Kp0rgTnV,"1,584,473,002",,https://scontent-frt3-1.cdninstagram.com/v/t51.2885-15/sh0.08/e35/s640x640/89941418_520463712185956_7966862050317533382_n.jpg?_nc_ht=scontent-frt3-1.cdninstagram.com&_nc_cat=104&_nc_ohc=FVHoa9EyXO8AX_j_Qhf&oh=a93bd75a44a8247caf10d36b6206a1ae&oe=5EA6C52B,false
"Mar 17, 2020 @ 19:28:33.992",1,GraphImage,tyb46XABCuLPJKLpE_8x,insta_data-2020.02.26-000001,,_doc,"Photo by Jennifer in San Francisco, California with @visitcalifornia, @onlyinsf, @visittheusa, @sfbucketlist, @californiaweekend, and @sanfranciscoworld. Image may contain: flower, plant, tree, outdoor and nature",false,0,false,"1,077","1,080",https://scontent-frt3-2.cdninstagram.com/v/t51.2885-15/e35/s1080x1080/89935204_231412648042149_5980299027738497551_n.jpg?_nc_ht=scontent-frt3-2.cdninstagram.com&_nc_cat=109&_nc_ohc=Y2jWVRrxj1EAX9sLy7r&oh=dfa432c940417884e8979b1ee2fda195&oe=5EA0D4F4,6,6,0,,,,2267046329172288822,"That lovely morning, when I walked 6 km to have breakfast at the Palace of Fine Arts. | #palaceoffinearts #sanfrancisco #california #californiadreaming #roadtrip #roadtrippers #ontheroad #stopwaitingjustgo #lifehappensatplaces #liveauthentic #travelphotography #fernwehcollective #wanderlust #wanderfolk #passionpassport #neverstopexploring #searchwandercollect #prettylittletrips #exploretocreate #tezzaapp #acolorstory #olympuspengeneration #teamkaptainkenny #urbanshots #urbanphotography #architecture #architecturephotography #archivecollectivemag",false,false,"{""id"":""44961364"",""slug"":""san-francisco-california"",""has_public_page"":true,""name"":""San Francisco, California""}",True,44961364,"San Francisco, California",san-francisco-california,,,178982595,girlnamedjen,B92KqADquU2,"1,584,473,004",,https://scontent-frt3-2.cdninstagram.com/v/t51.2885-15/sh0.08/e35/c2.0.1436.1436a/s640x640/89935204_231412648042149_5980299027738497551_n.jpg?_nc_ht=scontent-frt3-2.cdninstagram.com&_nc_cat=109&_nc_ohc=Y2jWVRrxj1EAX9sLy7r&oh=badab4ed38d5de1bfe477e1ad7fa7146&oe=5E9A9E42,false
"Mar 17, 2020 @ 19:28:33.636",1,GraphImage,tSb46XABCuLPJKLpEf_N,insta_data-2020.02.26-000001,,_doc,"Photo by Rizzoüêß A Sicilian In NYC in Sicilia, Italy. Image may contain: one or more people, text that says '""When you really love age, distance, height, weight are just numbers.""'",false,0,false,250,480,https://scontent-frx5-1.cdninstagram.com/v/t51.2885-15/e35/90222642_517034672531723_1874185752387227020_n.jpg?_nc_ht=scontent-frx5-1.cdninstagram.com&_nc_cat=111&_nc_ohc=Fml8IdN0DEgAX9LP4Z2&oh=9a092fbb608654bf858783d7092a7009&oe=5EA37231,7,7,1,,,,2267046543257494154,....üí´,false,false,"{""id"":""249785880"",""slug"":""sicilia-italy"",""has_public_page"":true,""name"":""Sicilia, Italy""}",True,249785880,"Sicilia, Italy",sicilia-italy,,,2055512164,alessandro_rizzos,B92KtHcI-KK,"1,584,473,029",,https://scontent-frx5-1.cdninstagram.com/v/t51.2885-15/e35/c91.0.199.199a/90222642_517034672531723_1874185752387227020_n.jpg?_nc_ht=scontent-frx5-1.cdninstagram.com&_nc_cat=111&_nc_ohc=Fml8IdN0DEgAX9LP4Z2&oh=941a1a90f89aab59f33f0f8c1a814f2c&oe=5EA51C92,false
"Mar 17, 2020 @ 19:28:32.889",1,GraphSidecar,syb46XABCuLPJKLpDv_j,insta_data-2020.02.26-000001,,_doc,"Photo by Miami Gift on March 17, 2020. Image may contain: 1 person, standing",false,0,false,"1,350","1,080",https://scontent-frt3-1.cdninstagram.com/v/t51.2885-15/e35/p1080x1080/90087602_150345036185840_2270940038940958108_n.jpg?_nc_ht=scontent-frt3-1.cdninstagram.com&_nc_cat=108&_nc_ohc=fi_Hd65uYzIAX81wCts&oh=c2e9e6f9549049fccfc2e6823d22b9c6&oe=5EA5B9BD,0,0,1,,,,2267046981217332854,New arrivals!!!! New outfits available,false,false,"{""id"":""172790386572968"",""slug"":""miami-gift"",""has_public_page"":true,""name"":""Miami Gift""}",True,172790386572968,Miami Gift,miami-gift,,,3184794066,miamigift,B92KzfUlK52,"1,584,473,081",,https://scontent-frt3-1.cdninstagram.com/v/t51.2885-15/sh0.08/e35/c0.180.1440.1440a/s640x640/90087602_150345036185840_2270940038940958108_n.jpg?_nc_ht=scontent-frt3-1.cdninstagram.com&_nc_cat=108&_nc_ohc=fi_Hd65uYzIAX81wCts&oh=038c77b45f78a37f4c828a5e5655e818&oe=5E9AE72E,false
"Mar 17, 2020 @ 19:28:32.127",1,GraphSidecar,sSb46XABCuLPJKLpC__o,insta_data-2020.02.26-000001,,_doc,"Photo by Miami Gift on March 17, 2020. Image may contain: one or more people, people standing and shoes",false,0,false,"1,350","1,080",https://scontent-frt3-1.cdninstagram.com/v/t51.2885-15/e35/p1080x1080/90094480_645661356220034_2419972012716753780_n.jpg?_nc_ht=scontent-frt3-1.cdninstagram.com&_nc_cat=102&_nc_ohc=UfyxbkPBrBQAX_N7FmL&oh=abea85bbec7d3eb692aa3726c83e9964&oe=5EA69117,0,0,1,,,,2267047633951898200,New arrivals alert! Free Shipping to all US,false,false,"{""id"":""172790386572968"",""slug"":""miami-gift"",""has_public_page"":true,""name"":""Miami Gift""}",True,172790386572968,Miami Gift,miami-gift,,,3184794066,miamigift,B92K8_Ol7pY,"1,584,473,159",,https://scontent-frt3-1.cdninstagram.com/v/t51.2885-15/sh0.08/e35/c0.180.1440.1440a/s640x640/90094480_645661356220034_2419972012716753780_n.jpg?_nc_ht=scontent-frt3-1.cdninstagram.com&_nc_cat=102&_nc_ohc=UfyxbkPBrBQAX_N7FmL&oh=702eb716eeb7a0e4a0eea72c02b63b1f&oe=5EA0A184,false
"Mar 17, 2020 @ 19:28:31.674",1,GraphImage,sCb46XABCuLPJKLpCv8j,insta_data-2020.02.26-000001,,_doc,"Photo by Martin Burnett Jr ‚Ñ¢ (Official) in San Diego International Airport with @officialdavidburnett. Image may contain: 2 people, closeup",false,0,false,"1,080","1,080",https://scontent-frt3-2.cdninstagram.com/v/t51.2885-15/e35/s1080x1080/90091732_609820889596359_2249891612794007182_n.jpg?_nc_ht=scontent-frt3-2.cdninstagram.com&_nc_cat=103&_nc_ohc=vGqeOmZQi4UAX89SqF7&oh=8567a5b68767360fe1d9af2c1f7e0fea&oe=5EA4A1C5,1,1,0,,,,2267047757506521810,Making the #best of my #birthday #flying home early and #party at the house #quarantine 10 people max!! üåàü¶Ñ #friend #gay #gayboy #gayboyfamous #gayguy #gayguys #gaylove #gaypride #gayfriends #gays #instagay #instafamous #sacramento #gaysacramento #sacramentogay #hairstylist #love #realballsofsac #california #caliboy #boy #madburnett #followme #powercouple #husband,false,false,"{""id"":""3003096"",""slug"":""san-diego-international-airport"",""has_public_page"":true,""name"":""San Diego International Airport""}",True,3003096,San Diego International Airport,san-diego-international-airport,,,189008184,officialmartymar,B92K-yTBarS,"1,584,473,174",,https://scontent-frt3-2.cdninstagram.com/v/t51.2885-15/sh0.08/e35/s640x640/90091732_609820889596359_2249891612794007182_n.jpg?_nc_ht=scontent-frt3-2.cdninstagram.com&_nc_cat=103&_nc_ohc=vGqeOmZQi4UAX89SqF7&oh=c3ab4fdd545326671ae1949464489cab&oe=5EA59972,false
"Mar 17, 2020 @ 19:28:31.303",1,GraphImage,ryb46XABCuLPJKLpCP-w,insta_data-2020.02.26-000001,,_doc,"Photo by Robyn in Descanso Gardens. Image may contain: one or more people, mountain, sky, outdoor and nature",false,0,false,"1,080","1,080",https://scontent-frt3-1.cdninstagram.com/v/t51.2885-15/e35/89932231_229854971734640_7533110937057848176_n.jpg?_nc_ht=scontent-frt3-1.cdninstagram.com&_nc_cat=108&_nc_ohc=rf1Jkl9eO6gAX8Inqi_&oh=a7896061408e26791455589013244c19&oe=5EA0F33E,0,0,1,,,,2267047803610265933,"No school, no activities, it's been raining forever....we grabbed the 1st chance at sunshine and blue skies and headed to Descanso Gardens. As an added bonus, the LA highways are totally clear!",false,false,"{""id"":""463567"",""slug"":""descanso-gardens"",""has_public_page"":true,""name"":""Descanso Gardens""}",True,463567,Descanso Gardens,descanso-gardens,,,8320488437,mommyclimbsmountains,B92K_dPBPlN,"1,584,473,179",,https://scontent-frt3-1.cdninstagram.com/v/t51.2885-15/sh0.08/e35/s640x640/89932231_229854971734640_7533110937057848176_n.jpg?_nc_ht=scontent-frt3-1.cdninstagram.com&_nc_cat=108&_nc_ohc=rf1Jkl9eO6gAX8Inqi_&oh=69100ef120e96c4cf16476ff58b1e0f0&oe=5EA6C7DB,false
"Mar 17, 2020 @ 19:28:30.563",1,GraphImage,rSb46XABCuLPJKLpBf_N,insta_data-2020.02.26-000001,,_doc,"Photo by P H I L L I P in Views. Image may contain: one or more people, people standing, cloud, sky, outdoor and nature",false,0,false,"1,080","1,080",https://scontent-frt3-1.cdninstagram.com/v/t51.2885-15/e35/s1080x1080/90206089_1100721210287272_2004264504897087949_n.jpg?_nc_ht=scontent-frt3-1.cdninstagram.com&_nc_cat=104&_nc_ohc=6pO9zRFTAYkAX_JWyJJ&oh=5ad4da0fe3656bf0924242c89094fe1e&oe=5E9D611B,1,1,0,,,,2267047852801222003,"i went outside. be good to yourself during these times ‚ú®
.
.
.
#hike #health #nature #california #west #pacific #mountain #sky #allbymyself",false,false,"{""id"":""332144133784710"",""slug"":""views"",""has_public_page"":true,""name"":""Views""}",True,332144133784710,Views,views,,,210077550,phillippruitt,B92LALDB2Vz,"1,584,473,185",,https://scontent-frt3-1.cdninstagram.com/v/t51.2885-15/sh0.08/e35/s640x640/90206089_1100721210287272_2004264504897087949_n.jpg?_nc_ht=scontent-frt3-1.cdninstagram.com&_nc_cat=104&_nc_ohc=6pO9zRFTAYkAX_JWyJJ&oh=7289ad9c9ff6efefb40140d55c995f05&oe=5EA706DF,false
"Mar 17, 2020 @ 19:28:30.142",1,GraphSidecar,rCb46XABCuLPJKLpBP8n,insta_data-2020.02.26-000001,,_doc,,false,0,false,421,750,https://scontent-frt3-1.cdninstagram.com/v/t51.2885-15/e35/89926717_499200727384996_5888910492731125135_n.jpg?_nc_ht=scontent-frt3-1.cdninstagram.com&_nc_cat=104&_nc_ohc=SkQM-gKf4XYAX_s1wAZ&oh=e11d7cf559310e39522f4e6557538f54&oe=5E73EBFC,1,1,1,,,,2267047849471963454,"Wow ü§© this is our beautiful community, folks! It all looks so clean and the air feels so nice. AND extra bonus points this morning with the snow on our mountain tops! 
I think the air might be cleaner without so many cars on our roads üëç#santabarbara #visitsantabarbara #california #usa #cleanair #aftertherain #blessed #instadaily #instagram #beachcity",false,false,"{""id"":""213047202"",""slug"":""santa-barbara-california"",""has_public_page"":true,""name"":""Santa Barbara, California""}",True,213047202,"Santa Barbara, California",santa-barbara-california,,,282890086,veejchippers,B92LAH8lvE-,"1,584,473,185",,https://scontent-frt3-1.cdninstagram.com/v/t51.2885-15/e35/c157.0.405.405a/89926717_499200727384996_5888910492731125135_n.jpg?_nc_ht=scontent-frt3-1.cdninstagram.com&_nc_cat=104&_nc_ohc=SkQM-gKf4XYAX_s1wAZ&oh=40edefbd303d0f7621287504774c5b7f&oe=5E73FBF4,false
"Mar 17, 2020 @ 19:28:29.703",1,GraphImage,qyb46XABCuLPJKLpAv9w,insta_data-2020.02.26-000001,,_doc,"Photo by MIZATA in Mizata, La Libertad, El Salvador.",false,0,false,816,"1,080",https://scontent-frt3-1.cdninstagram.com/v/t51.2885-15/e35/s1080x1080/90089841_202477697673460_8017074684275740046_n.jpg?_nc_ht=scontent-frt3-1.cdninstagram.com&_nc_cat=104&_nc_ohc=33GLRqbqTX0AX-IHD8I&oh=23c2309cf7793b771d1022c7df57fcaa&oe=5EA20F74,10,10,0,,,,2267047860167336051,"When you wash your hands, let your mind dance in space.

#visitmizata .
.
.
.
#interior #design #interiordesign #architecture #elsalvador #mizata #california #danapoint #lagunabeach #sanclemente",false,false,"{""id"":""281102752"",""slug"":""mizata-la-libertad-el-salvador"",""has_public_page"":true,""name"":""Mizata, La Libertad, El Salvador""}",True,281102752,"Mizata, La Libertad, El Salvador",mizata-la-libertad-el-salvador,,,8288652997,visitmizata,B92LAR6FWBz,"1,584,473,186",,https://scontent-frt3-1.cdninstagram.com/v/t51.2885-15/sh0.08/e35/c172.0.1065.1065a/s640x640/90089841_202477697673460_8017074684275740046_n.jpg?_nc_ht=scontent-frt3-1.cdninstagram.com&_nc_cat=104&_nc_ohc=33GLRqbqTX0AX-IHD8I&oh=ee4ccbe670f60fee026fcf98dfd9fe16&oe=5EA3EF03,false
"Mar 17, 2020 @ 19:28:28.204",1,GraphVideo,pyb36XABCuLPJKLp_P-V,insta_data-2020.02.26-000001,,_doc,,false,0,false,750,750,https://scontent-frx5-1.cdninstagram.com/v/t51.2885-15/e35/89848379_160563815404931_6376967988249254000_n.jpg?_nc_ht=scontent-frx5-1.cdninstagram.com&_nc_cat=111&_nc_ohc=bqvIrvIeIO0AX8YQT5Z&oh=6c5649036b2f24ca9273c5e8cac4a0f0&oe=5E7374F8,2,2,0,,,,2267044520302921512,"üöó üåØ Curbside Pickup! Serving You in Time Of NeedüåÆ
-
If you don‚Äôt want to go out into crowds of people, or you don‚Äôt want to eat your stockpile of food...
-
Make sure to call into Los Tacos for Curbside Pickup!
-
Available at all 3 locations, we‚Äôre here to support our community during this time of need üôèüèª
-
#LiveLifeSpicy #EatLosTacos #LosTacos #CurbsidePickup #CallNow #Call #Order #Tacos #Taco #Brew #Beer #TacoandBeer #Food #Mexican #Food #Foodie #FoodPhotography #California #Cali #SoCal #CA #SD #SanDiego #NorthCounty #Carlsbad #Temecula #Oceanside",false,true,"{""id"":""213850301"",""slug"":""oceanside-california"",""has_public_page"":true,""name"":""Oceanside, California""}",True,213850301,"Oceanside, California",oceanside-california,,,1103225984,eatlostacos,B92KPrapsco,"1,584,473,193",,https://scontent-frx5-1.cdninstagram.com/v/t51.2885-15/sh0.08/e35/s640x640/89848379_160563815404931_6376967988249254000_n.jpg?_nc_ht=scontent-frx5-1.cdninstagram.com&_nc_cat=111&_nc_ohc=bqvIrvIeIO0AX8YQT5Z&oh=d81fc248c43ab1e44b2aa4cda78b6fc8&oe=5E73BC5D,false
"Mar 17, 2020 @ 19:28:26.730",1,GraphImage,jSb36XABCuLPJKLp9v_X,insta_data-2020.02.26-000001,,_doc,"Photo by Fresno Permanent Makeup Studio in Fresno, California. Image may contain: 2 people, closeup",false,0,false,"1,080","1,080",https://scontent-frt3-1.cdninstagram.com/v/t51.2885-15/e35/s1080x1080/90089924_132026668378914_7683756921224296475_n.jpg?_nc_ht=scontent-frt3-1.cdninstagram.com&_nc_cat=106&_nc_ohc=BCLV366gSJIAX9UZuzC&oh=fa68427c41009efe80bb34b791e995f2&oe=5E9F27A8,0,0,0,,,,2267048045990853383,It‚Äôs not magic it‚Äôs a lot of hard work when we have to coverup old uneven microblading. Know that it may take additional sessions to perfect. Old tattoos must be faded enough to work over and client must be willing to go darker and thicker in order to cover and blend. Send me a picture if you have one that you want to correct. (559)385-8737  #fresnopermanentmakeup #fresnomicroblading #semipermanentmakeup #permanentmakeup #powderbrows #fresnopowderbrows #new #beforeandafter #eyebrows #beauty #559 #love #centralvalley #pmu #natural #beautiful #ombrebrows #browartist #browsonfleek #art #microblading #california #permablend #clovis #fresno #artist #fresnotattoo,false,false,"{""id"":""213429027"",""slug"":""fresno-california"",""has_public_page"":true,""name"":""Fresno, California""}",True,213429027,"Fresno, California",fresno-california,,,4748747301,mv_artistry,B92LC--BzsH,"1,584,473,208",,https://scontent-frt3-1.cdninstagram.com/v/t51.2885-15/sh0.08/e35/s640x640/90089924_132026668378914_7683756921224296475_n.jpg?_nc_ht=scontent-frt3-1.cdninstagram.com&_nc_cat=106&_nc_ohc=BCLV366gSJIAX9UZuzC&oh=0d626288174ff90bd878260d2a81c0c8&oe=5EA1301F,false
"Mar 17, 2020 @ 19:28:26.314",1,GraphVideo,jCb36XABCuLPJKLp9f82,insta_data-2020.02.26-000001,,_doc,,false,0,false,750,750,https://scontent-frt3-2.cdninstagram.com/v/t51.2885-15/e35/90204708_1554674321368329_9097595575420564008_n.jpg?_nc_ht=scontent-frt3-2.cdninstagram.com&_nc_cat=109&_nc_ohc=LmjjGGsscrQAX9EaQ9U&oh=77ae5bef5fe2b8fa0ec963fd90066718&oe=5E737CCD,0,0,0,,,,2267047938793144839,#gainz #bodybuilder #bodybuilding #luisperezpersonaltrainer #flx #flex #muscles #fitness #fitlife #workout #workingout #gains #doyoueven #doyouevenlift¬† #mealprep #gym #gymlife #elcentro #protein #chest #luisperezivpersonaltrainer #luisperezpersonaltraining¬† #california #gymbro #musclehead #fitgirl #fitmom #fitgirls #gainz #physique #fitchicks,false,true,"{""id"":""328964904554374"",""slug"":""flx-fitness-el-centro"",""has_public_page"":true,""name"":""FLX Fitness El Centro""}",True,328964904554374,FLX Fitness El Centro,flx-fitness-el-centro,,,211052463,luisperez_iv_personaltrainer,B92LBbIjAIH,"1,584,473,209",,https://scontent-frt3-2.cdninstagram.com/v/t51.2885-15/sh0.08/e35/s640x640/90204708_1554674321368329_9097595575420564008_n.jpg?_nc_ht=scontent-frt3-2.cdninstagram.com&_nc_cat=109&_nc_ohc=LmjjGGsscrQAX9EaQ9U&oh=734d0f358863ceb8ad61b8cb273619c1&oe=5E737BB7,false
"Mar 17, 2020 @ 19:28:25.961",1,GraphImage,iyb36XABCuLPJKLp8__S,insta_data-2020.02.26-000001,,_doc,"Photo by HELLAGROSS art Stressed Out in Midtown, Sacramento.",false,0,false,"1,350","1,080",https://scontent-frx5-1.cdninstagram.com/v/t51.2885-15/e35/p1080x1080/90087566_2324411031193145_5720585158562260153_n.jpg?_nc_ht=scontent-frx5-1.cdninstagram.com&_nc_cat=105&_nc_ohc=EUZqelkGYbgAX-Numq4&oh=c3f4b217621cd696af16346061891337&oe=5E9CD147,1,1,0,,,,2267048072492505847,"‚ÄúBirds of Yay; Mustard Included.‚Äù
.
.
.
#obeyartgiveaway2020 #art #myart #life #love #live #sacramento #2020 #california #midtownsac #downtownsac #streetart #laugh #fun #funny #fashion #style #gucci #mattymatheson #mustard #stork #shoebillstork #studio #gallery #museum #painting #drawing #acrylicpainting #cool #hot",false,false,"{""id"":""980038058"",""slug"":""midtown-sacramento"",""has_public_page"":true,""name"":""Midtown, Sacramento""}",True,980038058,"Midtown, Sacramento",midtown-sacramento,,,2238819615,darbymaddengross,B92LDXpplr3,"1,584,473,211",,https://scontent-frx5-1.cdninstagram.com/v/t51.2885-15/sh0.08/e35/c0.180.1440.1440a/s640x640/90087566_2324411031193145_5720585158562260153_n.jpg?_nc_ht=scontent-frx5-1.cdninstagram.com&_nc_cat=105&_nc_ohc=EUZqelkGYbgAX-Numq4&oh=9648b11fd2ab4f33a9c443a420794b64&oe=5EA418E3,false
"Mar 17, 2020 @ 19:28:25.566",1,GraphImage,iib36XABCuLPJKLp8v9K,insta_data-2020.02.26-000001,,_doc,"Photo by Andrew Wiliiams in Stockhausen, Nordrhein-Westfalen, Germany. Image may contain: text",false,0,false,799,640,https://scontent-frt3-2.cdninstagram.com/v/t51.2885-15/e35/90087754_219600532777623_6431036725299715358_n.jpg?_nc_ht=scontent-frt3-2.cdninstagram.com&_nc_cat=103&_nc_ohc=hpy5t0y3F48AX81vdbV&oh=9895850e37d24f20a39e757eda9e229d&oe=5EA10AF5,0,0,0,,,,2267048106515616119,"God bless you bitcoin_daily_investment, I see myself becoming a billionaire with you handling my Crypto account. I‚Äôm forever grateful @bitcoin_daily_investment .
.
#madrid #visit_madrid #loves_madrid #Visit_Spain #megustamadrid #plasenciafoto #estaes_espania #bitcoinmining #barcelona #madrid #spain #california #losangeles #newyork #texas #washingtondc #chicago #cryptocurrency #brazil #portugal #europe #canada #london #southcarolina #southafrica #bitcoin  #barcelona #madrid #spain #portugal #australia #turkey #england",false,false,"{""id"":""835109116"",""slug"":""stockhausen-nordrhein-westfalen-germany"",""has_public_page"":true,""name"":""Stockhausen, Nordrhein-Westfalen, Germany""}",True,835109116,"Stockhausen, Nordrhein-Westfalen, Germany",stockhausen-nordrhein-westfalen-germany,,,14208088232,bitcoin_daily_investment,B92LD3VldF3,"1,584,473,215",,https://scontent-frt3-2.cdninstagram.com/v/t51.2885-15/e35/c0.62.498.498a/90087754_219600532777623_6431036725299715358_n.jpg?_nc_ht=scontent-frt3-2.cdninstagram.com&_nc_cat=103&_nc_ohc=hpy5t0y3F48AX81vdbV&oh=54df014fba2efda67c973c176d20d410&oe=5EA1266B,false
"Mar 17, 2020 @ 19:28:25.214",1,GraphImage,iSb36XABCuLPJKLp8P_n,insta_data-2020.02.26-000001,,_doc,Photo by Miami Gift in Miami Gift. Image may contain: one or more people and closeup,false,0,false,"1,350","1,080",https://scontent-frt3-1.cdninstagram.com/v/t51.2885-15/e35/p1080x1080/90089826_212616423318054_4722855664273586531_n.jpg?_nc_ht=scontent-frt3-1.cdninstagram.com&_nc_cat=106&_nc_ohc=qlvOPP1EzssAX9AwEnn&oh=fc7ebf9afeba4027bb565874c536b302&oe=5E9C1EDC,1,1,1,,,,2267048112412776153,Gold and Purple Earrings,false,false,"{""id"":""172790386572968"",""slug"":""miami-gift"",""has_public_page"":true,""name"":""Miami Gift""}",True,172790386572968,Miami Gift,miami-gift,,,3184794066,miamigift,B92LD81FVbZ,"1,584,473,216",,https://scontent-frt3-1.cdninstagram.com/v/t51.2885-15/sh0.08/e35/c0.180.1440.1440a/s640x640/90089826_212616423318054_4722855664273586531_n.jpg?_nc_ht=scontent-frt3-1.cdninstagram.com&_nc_cat=106&_nc_ohc=qlvOPP1EzssAX9AwEnn&oh=40b62c112a7c8c36d6b8a0049c0de921&oe=5E9F3F4F,false
"Mar 17, 2020 @ 19:28:24.845",1,GraphImage,iCb36XABCuLPJKLp7_92,insta_data-2020.02.26-000001,,_doc,Photo by KingsHeadTattoo in The Kings Head Tattoo with @beatboxtattoos. Image may contain: 1 person,false,0,false,"1,080","1,080",https://scontent-frt3-1.cdninstagram.com/v/t51.2885-15/e35/90089871_140689894103802_1618932123558879445_n.jpg?_nc_ht=scontent-frt3-1.cdninstagram.com&_nc_cat=106&_nc_ohc=s0O4Fk45DOYAX_F-B4V&oh=f857c1cb5591f9393d02bcf3ab2123a3&oe=5E9F0786,0,0,0,,,,2267048121069857114,Wolf by Sean Hollinger @beatboxtattoos email him at hollingertattoos@gmail.com or direct message him to set something up! #thekingsheadtattoo #beatboxtattoos #tattoosbybeatbox #seanhollinger #sandiego #california #pacificbeach #sandiegotattooer #sandiegotattooartist #blackandgreytattoo #bng #blackandgrey #blackandgreytattoos #tattoo #tattoos #tattooing #wolf #wolftattoo #finelimetattooing #ca #sd #booknow #thanksforlooking,false,false,"{""id"":""247693761"",""slug"":""the-kings-head-tattoo"",""has_public_page"":true,""name"":""The Kings Head Tattoo""}",True,247693761,The Kings Head Tattoo,the-kings-head-tattoo,,,1684327049,thekingsheadtattoo,B92LEE5Fela,"1,584,473,217",,https://scontent-frt3-1.cdninstagram.com/v/t51.2885-15/sh0.08/e35/s640x640/90089871_140689894103802_1618932123558879445_n.jpg?_nc_ht=scontent-frt3-1.cdninstagram.com&_nc_cat=106&_nc_ohc=s0O4Fk45DOYAX_F-B4V&oh=bd539b42e37a5a9dcb1030001ddc84a2&oe=5EA6D263,false
"Mar 17, 2020 @ 19:28:23.772",1,GraphSidecar,hCb36XABCuLPJKLp6_9F,insta_data-2020.02.26-000001,,_doc,"Photo by Unique Aesthetics on March 17, 2020. Image may contain: 1 person, closeup and indoor",false,0,false,"1,227","1,080",https://scontent-frx5-1.cdninstagram.com/v/t51.2885-15/e35/p1080x1080/90306155_137161584488729_6906195427244810178_n.jpg?_nc_ht=scontent-frx5-1.cdninstagram.com&_nc_cat=105&_nc_ohc=PsH58YzDJdwAX8K7RwL&oh=510a49291e5b8322b6568256b0d3922e&oe=5EA32E8E,0,0,0,,,,2267048188439425021,"Eyebrow transformation!!! Gracias mary por venir ac√°!!! Can‚Äôt wait to see you for your touch up!! ü•∞ü•∞
.
.
.
.
.
.
#eyebrowtransformation #cosmetictattoo #pmu #browsonfleek #browsonpoint #sandiego #california #powderombrebrows #ombrebrows #pmuartist #tattoo #cejastatuadas #cejas #tatuadodecejas",false,false,"{""id"":""576102338"",""slug"":""unique-aesthetics"",""has_public_page"":true,""name"":""Unique Aesthetics""}",True,576102338,Unique Aesthetics,unique-aesthetics,,,564229558,unique_aesthetics_sandra,B92LFDon-_9,"1,584,473,225",,https://scontent-frx5-1.cdninstagram.com/v/t51.2885-15/sh0.08/e35/c0.98.1440.1440a/s640x640/90306155_137161584488729_6906195427244810178_n.jpg?_nc_ht=scontent-frx5-1.cdninstagram.com&_nc_cat=105&_nc_ohc=PsH58YzDJdwAX8K7RwL&oh=b2781ec03c7153ff695aa98d964e8e9d&oe=5EA16632,false
"Mar 17, 2020 @ 19:28:23.328",1,GraphImage,gyb36XABCuLPJKLp6f-J,insta_data-2020.02.26-000001,,_doc,"Photo by Alondra Gainz in Pacific Beach, San Diego. Image may contain: ocean, sky, beach, outdoor, nature and water",false,0,false,810,"1,080",https://scontent-frt3-1.cdninstagram.com/v/t51.2885-15/e35/90062891_216028422813774_8357112594280836867_n.jpg?_nc_ht=scontent-frt3-1.cdninstagram.com&_nc_cat=106&_nc_ohc=sfflclEbhYAAX8Y8oFR&oh=27d7e5f5f235c872294fe8d18cd796bf&oe=5EA38736,4,4,0,,,,2267048255984338404,"I wanna wake up next to the beach every morning, I wanna wake up and spend time with Holy Spirit on this beautiful creation every single morning. To worship you, I live. I wanna be where the waves are.I wanna be where God takes me. üåäüíôüôèüèª ‚Ä¢‚Ä¢ #sandiego #beaches #pacificbeach #huntingtonbeach #california #peace #holyspirit #jesuslovesyou #nowlovehim #dreams #liveauthenic #alondragainz",false,false,"{""id"":""337897917"",""slug"":""pacific-beach-san-diego"",""has_public_page"":true,""name"":""Pacific Beach, San Diego""}",True,337897917,"Pacific Beach, San Diego",pacific-beach-san-diego,,,368140156,alondragainz,B92LGCinYXk,"1,584,473,233",,https://scontent-frt3-1.cdninstagram.com/v/t51.2885-15/sh0.08/e35/c135.0.810.810a/s640x640/90062891_216028422813774_8357112594280836867_n.jpg?_nc_ht=scontent-frt3-1.cdninstagram.com&_nc_cat=106&_nc_ohc=sfflclEbhYAAX8Y8oFR&oh=96425702bd389a2c4c4aead04e2ff5b4&oe=5E9BC895,false
"Mar 17, 2020 @ 19:28:22.955",1,GraphSidecar,gib36XABCuLPJKLp6P8V,insta_data-2020.02.26-000001,,_doc,"Photo by jasonne on March 17, 2020. Image may contain: one or more people, tree, grass, outdoor and nature",false,0,false,"1,080","1,080",https://scontent-frt3-2.cdninstagram.com/v/t51.2885-15/e35/s1080x1080/89823913_146328769986073_7312504135870215587_n.jpg?_nc_ht=scontent-frt3-2.cdninstagram.com&_nc_cat=101&_nc_ohc=djr22ySngTgAX8kGshe&oh=1860eaedd48a1a3a4c9cf3c48b191e4d&oe=5EA4016E,1,1,0,,,,2267048280745594142,"Will she catch it? Swipe left haha
#rei #among_the_wild #optoutside #natgeo #natgeoyourshot #nikon #nikond5600 #nikonphotography #nikonusa #nikon100 #nikonembassador #california #landscape #northerncalifornia #heelernation #heelersofinstagram #hikingwithheelers #dogsofinstgram #dogsthathike #heelergram #australiancattlemoments #zukespets #ruffwear #badheeler #petsofinstagram #petphotography #cali #blueheelersofinstagram #lightroom @ruffwear",false,false,"{""id"":""217855307"",""slug"":""chico-california"",""has_public_page"":true,""name"":""Chico, California""}",True,217855307,"Chico, California",chico-california,,,250899137,jasonne8322,B92LGZmgE0e,"1,584,473,236",,https://scontent-frt3-2.cdninstagram.com/v/t51.2885-15/sh0.08/e35/s640x640/89823913_146328769986073_7312504135870215587_n.jpg?_nc_ht=scontent-frt3-2.cdninstagram.com&_nc_cat=101&_nc_ohc=djr22ySngTgAX8kGshe&oh=82530b7da9d772fa421b26084b61dbbe&oe=5EA370D9,false
"Mar 17, 2020 @ 19:28:21.846",1,GraphImage,fyb36XABCuLPJKLp4__A,insta_data-2020.02.26-000001,,_doc,"Photo by Etienne Martel in Los Angeles/Hollywood California. Image may contain: 1 person, text",false,0,false,"1,258","1,080",https://scontent-frt3-1.cdninstagram.com/v/t51.2885-15/e35/p1080x1080/89928211_675906286568512_5723915556948990478_n.jpg?_nc_ht=scontent-frt3-1.cdninstagram.com&_nc_cat=104&_nc_ohc=JUR6WT2sdwsAX9_2bCU&oh=df8176273a4185cfa030e6696e86ebf1&oe=5E9EDE82,1,1,0,,,,2267048347881592955,"Twitter Tuesdayüïä
-
Here‚Äôs a few reminders on how to stay healthy during these strange timesü¶†
-
I wish all of you & your families great healthüôèüèº -
üß†Use this time as a benefit to work on things you couldn‚Äôt before.
.
.
.
.
.
.
.
.
.
.
.
.
.
.
.
#investors #investing #invest #investor #youngentrepreneur #entrepreneur #entrepreneurship #realestate #realestateinvestor #realtor #realestateagent #realestatesales #motivation #investinyourself #hustle #hustlehard #grind  #dailygrind #business #rentalproperty #cashflow #financialfreedom #garyvee #grantcardone #investment #investmentproperty  #flippinghouses #california #losangeles",false,false,"{""id"":""226233904"",""slug"":""los-angeleshollywood-california"",""has_public_page"":true,""name"":""Los Angeles/Hollywood California""}",True,226233904,Los Angeles/Hollywood California,los-angeleshollywood-california,,,1511653055,etienne.martel,B92LHYIHlh7,"1,584,473,244",,https://scontent-frt3-1.cdninstagram.com/v/t51.2885-15/sh0.08/e35/c0.119.1440.1440a/s640x640/89928211_675906286568512_5723915556948990478_n.jpg?_nc_ht=scontent-frt3-1.cdninstagram.com&_nc_cat=104&_nc_ohc=JUR6WT2sdwsAX9_2bCU&oh=a88fdb67d703a113c75aa599299663df&oe=5E9E0998,false
"Mar 17, 2020 @ 19:28:20.726",1,GraphImage,fCb36XABCuLPJKLp3_9f,insta_data-2020.02.26-000001,,_doc,"Photo by VE-PIX in Westlake Village Inn with @mariagsolorzano, @westlakevillageinn, @victoreliasphotography, and @ve_pix. Image may contain: cloud, sky, outdoor and water",false,0,false,"1,080","1,080",https://scontent-frt3-1.cdninstagram.com/v/t51.2885-15/e35/s1080x1080/90088963_657113401731632_6319754570012737308_n.jpg?_nc_ht=scontent-frt3-1.cdninstagram.com&_nc_cat=108&_nc_ohc=23RHpRp_twgAX-9dpbJ&oh=ed1046a21f6dcb5e75b093ff925de381&oe=5EA4146E,1,1,0,,,,2267048414251128891,"After this stressful time is over, time for self care at Spa Relais @westlakevillageinn #westlakevillage #spas #luxuryspas #livinglavidaelias #ponds #waterfalls #relaxation #spaday #victoreliasphoyography #ve_pix #lushgrounds #beautifulhotel #luxuryliving #luxurylifestyle #hotelsandresorts #caliliving #california #venturacounty #805living #805magazine #westlakevillagemagazine #venturacountystar #motherlessphotography",false,false,"{""id"":""364410"",""slug"":""westlake-village-inn"",""has_public_page"":true,""name"":""Westlake Village Inn""}",True,364410,Westlake Village Inn,westlake-village-inn,,,3065427717,ve_pix,B92LIV8DRg7,"1,584,473,252",,https://scontent-frt3-1.cdninstagram.com/v/t51.2885-15/sh0.08/e35/s640x640/90088963_657113401731632_6319754570012737308_n.jpg?_nc_ht=scontent-frt3-1.cdninstagram.com&_nc_cat=108&_nc_ohc=23RHpRp_twgAX-9dpbJ&oh=6b983da6b39482ce5dc2e1a71b4bde76&oe=5EA6D0D9,false
"Mar 17, 2020 @ 19:28:18.453",1,GraphSidecar,eyb36XABCuLPJKLp1v9_,insta_data-2020.02.26-000001,,_doc,"Photo shared by Call Me James on March 17, 2020 tagging @youtube, and @ambercollaborative. Image may contain: 1 person, beard, eyeglasses, hat and closeup",false,0,false,"1,350","1,080",https://scontent-frx5-1.cdninstagram.com/v/t51.2885-15/e35/p1080x1080/83271739_123479399242402_8370283822792056793_n.jpg?_nc_ht=scontent-frx5-1.cdninstagram.com&_nc_cat=110&_nc_ohc=Y8JoOPYIyB4AX9Kz5nH&oh=0419b7a07186fbd61e1de6b4b32d2be0&oe=5EA4C0F1,0,0,0,,,,2267048426323947410,"Hope y'all are staying safe! Were taking a break from shows to keep ourselves healthy. HOWEVER, we will be taking this opportunity to give you some cool livestreams on @youtube at ""The Amber Room"" with @ambercollaborative
*
*
*
#callmejames #jamesacereese #visalia #california #neopop #alternative #indie #rock #epiphone #epiphonecasino #fender #fenderstratocaster #fendertelecaster #martinguitars #dangelico #dangelicoguitars",false,false,"{""id"":""446572006159655"",""slug"":""the-amber-collaborative"",""has_public_page"":true,""name"":""The Amber Collaborative""}",True,446572006159655,The Amber Collaborative,the-amber-collaborative,,,3126225395,callmejamesband,B92LIhLpa-S,"1,584,473,254",,https://scontent-frx5-1.cdninstagram.com/v/t51.2885-15/sh0.08/e35/c0.150.1200.1200a/s640x640/83271739_123479399242402_8370283822792056793_n.jpg?_nc_ht=scontent-frx5-1.cdninstagram.com&_nc_cat=110&_nc_ohc=Y8JoOPYIyB4AX9Kz5nH&oh=8967c87b460553a179d34dc1a448d0e1&oe=5E9AAE6D,false
"Mar 17, 2020 @ 19:28:17.623",1,GraphImage,eSb36XABCuLPJKLp0_9A,insta_data-2020.02.26-000001,,_doc,"Photo by Team Rosales in Bellflower, California with @kiki_realtor5, @the.24_7.banker, @like_a_painting17, and @ahurorasflowers. Image may contain: sky, house and outdoor",false,0,false,494,640,https://scontent-frx5-1.cdninstagram.com/v/t51.2885-15/e35/90029497_216307723107898_3218454605382243947_n.jpg?_nc_ht=scontent-frx5-1.cdninstagram.com&_nc_cat=110&_nc_ohc=o15KdWu6ypUAX9qVYoh&oh=3c4b160a03156030425564af73081fa4&oe=5EA12AE5,1,1,0,,,,2267048439543427612,Make your new hongs your dream home. New homes available! #dreamhome #dreambig #makeitpossible #realestate #yosoyteamrosales #teamrosales #california #californiadreaming,false,false,"{""id"":""222002601"",""slug"":""bellflower-california"",""has_public_page"":true,""name"":""Bellflower, California""}",True,222002601,"Bellflower, California",bellflower-california,,,6069005042,team.rosales,B92LItflvIc,"1,584,473,255",,https://scontent-frx5-1.cdninstagram.com/v/t51.2885-15/e35/c60.0.407.407a/90029497_216307723107898_3218454605382243947_n.jpg?_nc_ht=scontent-frx5-1.cdninstagram.com&_nc_cat=110&_nc_ohc=o15KdWu6ypUAX9qVYoh&oh=32c2eadad2f03f2673efaa7ff11eeecb&oe=5E9E4402,false
"Mar 17, 2020 @ 19:28:16.548",1,GraphImage,YCb36XABCuLPJKLpz_8R,insta_data-2020.02.26-000001,,_doc,Photo by @omegamotorsport in Buttonwillow Raceway Park. Image may contain: possible text that says 'OmegaMotorsport Auto-X Has been cancelled',false,0,false,750,750,https://scontent-frt3-1.cdninstagram.com/v/t51.2885-15/e35/90021348_212703829835586_2650406513385084846_n.jpg?_nc_ht=scontent-frt3-1.cdninstagram.com&_nc_cat=106&_nc_ohc=G3iE9zi136kAX-1p530&oh=41644ad109d7974c8aa65a28cb109b67&oe=5EA132DC,0,0,0,,,,2267048451229243438,"Just got word from @buttonwillowraceway. 
They are completely closing the track for the time being, so our Auto-X event will be cancelled. 
Be assured that all those that have paid registration fees for this event, will be REFUNDED in FULL. I will also be emailing each of the registered participants directly regarding this plan. This is unprecedented territory, so please be patient as we work thru it together. 
Thank you for your patience, and stay safe
-Tony
-
-
-

#Omegamotorsport #noflyzonecalifornia #noflyzone #airportracing #halfmile #halfmileracing #rollracing #dragracing #dragrace #racing #race #california #socal #norcal #bakersfield #shafter #fresno #559 #805 #661 #westcoast #instacar #amazing #carswithoutlimits #cars #carsofinstagram #bakersfieldcarsandcoffee",false,false,"{""id"":""75588258"",""slug"":""buttonwillow-raceway-park"",""has_public_page"":true,""name"":""Buttonwillow Raceway Park""}",True,75588258,Buttonwillow Raceway Park,buttonwillow-raceway-park,,,857862961,omegamotorsport,B92LI4YHlgu,"1,584,473,256",,https://scontent-frt3-1.cdninstagram.com/v/t51.2885-15/sh0.08/e35/s640x640/90021348_212703829835586_2650406513385084846_n.jpg?_nc_ht=scontent-frt3-1.cdninstagram.com&_nc_cat=106&_nc_ohc=G3iE9zi136kAX-1p530&oh=3097426c92e4f47ee02224776d521b99&oe=5EA42B39,false
"Mar 17, 2020 @ 19:28:16.196",1,GraphImage,Xyb36XABCuLPJKLpzf-t,insta_data-2020.02.26-000001,,_doc,"Photo by Inez Vazquez Elias in Westlake Village Inn with @mariagsolorzano, @westlakevillageinn, @victoreliasphotography, and @ve_pix. Image may contain: cloud, sky, outdoor and water",false,0,false,"1,080","1,080",https://scontent-frx5-1.cdninstagram.com/v/t51.2885-15/e35/s1080x1080/89958097_160345578372396_4827619575482751983_n.jpg?_nc_ht=scontent-frx5-1.cdninstagram.com&_nc_cat=100&_nc_ohc=KYchr-eMYtsAX-jBbdR&oh=aaf6d906a51ae1339f8a7d4dcfd1a794&oe=5E9F2B3D,0,0,0,,,,2267048462811965514,"After this stressful time is over, time for self care at Spa Relais @westlakevillageinn #westlakevillage #spas #luxuryspas #livinglavidaelias #ponds #waterfalls #relaxation #spaday #victoreliasphoyography #ve_pix #lushgrounds #beautifulhotel #luxuryliving #luxurylifestyle #hotelsandresorts #caliliving #california #venturacounty #805living #805magazine #westlakevillagemagazine #venturacountystar #motherlessphotography",false,false,"{""id"":""364410"",""slug"":""westlake-village-inn"",""has_public_page"":true,""name"":""Westlake Village Inn""}",True,364410,Westlake Village Inn,westlake-village-inn,,,54840751,inez_vazquez_elias,B92LJDKgKhK,"1,584,473,258",,https://scontent-frx5-1.cdninstagram.com/v/t51.2885-15/sh0.08/e35/s640x640/89958097_160345578372396_4827619575482751983_n.jpg?_nc_ht=scontent-frx5-1.cdninstagram.com&_nc_cat=100&_nc_ohc=KYchr-eMYtsAX-jBbdR&oh=ab4a646e582c3c77ef5b1238e8fb9d1d&oe=5E9EB08A,false
"Mar 17, 2020 @ 19:28:15.034",1,GraphImage,XCb36XABCuLPJKLpyf8k,insta_data-2020.02.26-000001,,_doc,"Photo by Banderas Professional Services in Los Angeles, California. Image may contain: cloud, text that says 'BANDERAS BEFORE AFTER'",false,0,false,622,"1,080",https://scontent-frt3-2.cdninstagram.com/v/t51.2885-15/e35/90088459_168389210790361_2602623854843945031_n.jpg?_nc_ht=scontent-frt3-2.cdninstagram.com&_nc_cat=101&_nc_ohc=7Ot9vAmXzdIAX--ARRo&oh=073392b598bf320bebdbee3576a405a8&oe=5E9EA87C,3,3,0,,,,2267048557269652044,"üö´Be safe to use your kitchen in your restaurant, cafeteria, hotel,churche Or school Call us for a FREE estimate! 323-667-0820üö´¬†
#losangeles #california #servicios #ventaslosangeles #servicioslosangeles #fire #services #security #incendios #restaurant #Church #hotels #californialife #californiaservices #losangelesservices #hotelsla #fuego #iglesias #californialove #firefighterlife #instagramnegocios #Marzo2020 #likeforlike #followforfollowback #follow4followback #likeforlikes #like4lifes",false,false,"{""id"":""212999109"",""slug"":""los-angeles-california"",""has_public_page"":true,""name"":""Los Angeles, California""}",True,212999109,"Los Angeles, California",los-angeles-california,,,6082261946,banderasprofessionalservices,B92LKbInpJM,"1,584,473,269",,https://scontent-frt3-2.cdninstagram.com/v/t51.2885-15/e35/c229.0.622.622a/90088459_168389210790361_2602623854843945031_n.jpg?_nc_ht=scontent-frt3-2.cdninstagram.com&_nc_cat=101&_nc_ohc=7Ot9vAmXzdIAX--ARRo&oh=c7ecdb9e163c3b4995906e04dfeccc50&oe=5EA1A66E,false
"Mar 17, 2020 @ 19:28:14.013",1,GraphImage,WSb36XABCuLPJKLpxf8n,insta_data-2020.02.26-000001,,_doc,"Photo by DavidImpress_fineart in Odzak. Image may contain: flower, plant and nature",false,0,false,840,"1,080",https://scontent-frx5-1.cdninstagram.com/v/t51.2885-15/e35/90091600_2235814446723768_352780595590211859_n.jpg?_nc_ht=scontent-frx5-1.cdninstagram.com&_nc_cat=100&_nc_ohc=7NpCZyIdhfEAX8YDlyb&oh=09662682b5330189fc778899dbe225da&oe=5E9E9029,0,0,0,,,,2267048570144486510,#art #photo #photography #blog #fashion #sun #summer #sea #ny #la #new #america #us #usa #native #mexico #canada #venezuela #brazil  #texas #florida #hollywood #me #day #nightv #california #northcarolina #mississippi #virginia #losangeles,false,false,"{""id"":""254018649"",""slug"":""odzak"",""has_public_page"":true,""name"":""Odzak""}",True,254018649,Odzak,odzak,,,3233204442,david.impress,B92LKnIBPRu,"1,584,473,271",,https://scontent-frx5-1.cdninstagram.com/v/t51.2885-15/sh0.08/e35/c120.0.840.840a/s640x640/90091600_2235814446723768_352780595590211859_n.jpg?_nc_ht=scontent-frx5-1.cdninstagram.com&_nc_cat=100&_nc_ohc=7NpCZyIdhfEAX8YDlyb&oh=a9e27aee7e74d7f08cfc4671857fb0c0&oe=5E9AC295,false
"Mar 17, 2020 @ 19:28:13.660",1,GraphImage,Vyb36XABCuLPJKLpw__G,insta_data-2020.02.26-000001,,_doc,"Photo by  ú·¥è·¥ç…™·¥áÂäâÂÆèÊòéüêæ in Melrose Avenue with @kyle_xbao. Image may contain: one or more people, tree, sky, plant, dog, outdoor and nature",false,0,false,"1,350","1,080",https://scontent-frt3-2.cdninstagram.com/v/t51.2885-15/e35/p1080x1080/88197173_300079770963289_2220051373280790699_n.jpg?_nc_ht=scontent-frt3-2.cdninstagram.com&_nc_cat=101&_nc_ohc=iDvNpC_RlNIAX-KBZo8&oh=4614e817ffb19c1f03edc2513ca8b760&oe=5EA26D8A,2,2,0,,,,2267048600747763089,With daddyüë®üèªüë¶üèª #sheltie #sheltielove #sheltiesofinstagram #sheltieoftheday #sheltiegram #dog #doggo #dogoftheday #dogsofinstagram #instadog #instalike #instadaily #instapic #instagood #instagram #potd #cute  #losangeles #california #likeforlikes #likeforfollow,false,false,"{""id"":""497665821"",""slug"":""melrose-avenue"",""has_public_page"":true,""name"":""Melrose Avenue""}",True,497665821,Melrose Avenue,melrose-avenue,,,6980452880,sheltie_homie,B92LLDoHeWR,"1,584,473,274",,https://scontent-frt3-2.cdninstagram.com/v/t51.2885-15/sh0.08/e35/c0.180.1440.1440a/s640x640/88197173_300079770963289_2220051373280790699_n.jpg?_nc_ht=scontent-frt3-2.cdninstagram.com&_nc_cat=101&_nc_ohc=iDvNpC_RlNIAX-KBZo8&oh=177663e6191d1e072d7befd08bca9c83&oe=5EA38B19,false
"Mar 17, 2020 @ 19:28:11.590",1,GraphImage,Uib36XABCuLPJKLpu_-1,insta_data-2020.02.26-000001,,_doc,"Photo by Brandon Michael Frank in Staples Center, Los Angeles. Image may contain: crowd, basketball court and stadium",false,0,false,607,"1,080",https://scontent-frt3-1.cdninstagram.com/v/t51.2885-15/e35/s1080x1080/82431626_205426790521622_4853937224842010884_n.jpg?_nc_ht=scontent-frt3-1.cdninstagram.com&_nc_cat=102&_nc_ohc=_GSBX206i08AX_S9vTI&oh=57a36718bc862341c13a2320f7a77d95&oe=5E9CFA52,0,0,0,,,,2267048619680407544,"One of the shots I took at the Clippers vs Timberwolves game not too long ago. Missing the season already‚ù§Ô∏èüèÄ
‚Ä¢
‚Ä¢
‚Ä¢
#clippers #losangeles #losangelesclippers #basketball #instagram #sports #nba #losangeles #staplescenter #staplescenterla #citylife #citylifestyle #california #caliliving #sony #camera #sonyrx100v #adobe #adobephotoshop",false,false,"{""id"":""383551673"",""slug"":""staples-center-los-angeles"",""has_public_page"":true,""name"":""Staples Center, Los Angeles""}",True,383551673,"Staples Center, Los Angeles",staples-center-los-angeles,,,12144611105,bmfrank3,B92LLVQlx_4,"1,584,473,277",,https://scontent-frt3-1.cdninstagram.com/v/t51.2885-15/sh0.08/e35/c280.0.719.719a/s640x640/82431626_205426790521622_4853937224842010884_n.jpg?_nc_ht=scontent-frt3-1.cdninstagram.com&_nc_cat=102&_nc_ohc=_GSBX206i08AX_S9vTI&oh=ef98461d19ef85f8fda8c07942a873d7&oe=5E9FEF46,false
"Mar 17, 2020 @ 19:28:11.235",1,GraphSidecar,USb36XABCuLPJKLpuv9O,insta_data-2020.02.26-000001,,_doc,"Photo shared by amanda yanez ‚≠í on March 17, 2020 tagging @alina_vorobyova1. Image may contain: 1 person, standing",false,0,false,"1,350","1,080",https://scontent-frx5-1.cdninstagram.com/v/t51.2885-15/e35/p1080x1080/89922714_232161141302933_9025212635020768360_n.jpg?_nc_ht=scontent-frx5-1.cdninstagram.com&_nc_cat=105&_nc_ohc=9e79txi0_pIAX9n6ve-&oh=2e8d65fbdb4156f89eb77f399791c483&oe=5EA308D3,0,0,0,,,,2267048629946554324,"ü¶ãAlina
.
.
.
.
.
#model @alina_vorobyova1 #photographer @_amandayanez #makeup @jordannaguonmakeup #hair @sydroze #beauty #portrait #style #fashion #losangeles #california",false,false,"{""id"":""212999109"",""slug"":""los-angeles-california"",""has_public_page"":true,""name"":""Los Angeles, California""}",True,212999109,"Los Angeles, California",los-angeles-california,,,630002657,_amandayanez,B92LLe0gBfU,"1,584,473,278",,https://scontent-frx5-1.cdninstagram.com/v/t51.2885-15/sh0.08/e35/c0.176.1408.1408a/s640x640/89922714_232161141302933_9025212635020768360_n.jpg?_nc_ht=scontent-frx5-1.cdninstagram.com&_nc_cat=105&_nc_ohc=9e79txi0_pIAX9n6ve-&oh=2d3f19781cca30fd7cfd4db388b9aabf&oe=5EA4BDDE,false
"Mar 17, 2020 @ 19:28:10.798",1,GraphImage,UCb36XABCuLPJKLpuP-Z,insta_data-2020.02.26-000001,,_doc,"Photo by Christina in Big Sur, California. Image may contain: 1 person, standing, mountain, outdoor and nature",false,0,false,"1,080","1,080",https://scontent-frt3-2.cdninstagram.com/v/t51.2885-15/e35/s1080x1080/90088751_2144165592396351_4656064404499906286_n.jpg?_nc_ht=scontent-frt3-2.cdninstagram.com&_nc_cat=103&_nc_ohc=uaXRQ9_trVkAX8lqEm9&oh=6acf4a2ec9ee108f9932802532e2564a&oe=5E9F225C,0,0,0,,,,2267048632800960149,"Spring vibes ‚òÄÔ∏è
.
.
.
#california #flowerpower #roadtripusa #sunshineday #kaiserwetter #blondieontour #highway1 #westcoasttrip #californiadreaming #readytocomebackalready",false,false,"{""id"":""215995209"",""slug"":""big-sur-california"",""has_public_page"":true,""name"":""Big Sur, California""}",True,215995209,"Big Sur, California",big-sur-california,,,1994264304,christini_07,B92LLheot6V,"1,584,473,278",,https://scontent-frt3-2.cdninstagram.com/v/t51.2885-15/sh0.08/e35/s640x640/90088751_2144165592396351_4656064404499906286_n.jpg?_nc_ht=scontent-frt3-2.cdninstagram.com&_nc_cat=103&_nc_ohc=uaXRQ9_trVkAX8lqEm9&oh=b47c0274dc7bcd34fc05c41694dbcf8c&oe=5EA46898,false
"Mar 17, 2020 @ 19:28:10.445",1,GraphImage,Tyb36XABCuLPJKLpt_84,insta_data-2020.02.26-000001,,_doc,"Photo by Vijaysagar Reddy Thumma in San Francisco, California.",false,0,false,607,"1,080",https://scontent-frx5-1.cdninstagram.com/v/t51.2885-15/e35/s1080x1080/90086848_200992194557412_2371148247081105147_n.jpg?_nc_ht=scontent-frx5-1.cdninstagram.com&_nc_cat=100&_nc_ohc=k4C8d_1qdckAX_64-RT&oh=dc87616da142c215726a0903ae2d7e5e&oe=5EA7312B,0,0,0,,,,2267048655081081749,"Everyone is a moon, and has a dark side which he never shows to anybody.
.
.
.
.

Mark Twain
#Usa #usatravel #California #SanFrancisco #californiaadventure #californialove #moon
#moonlight, #moonlightdrawnbyclouds #moonchild #moonphases #moonwalkers",false,false,"{""id"":""44961364"",""slug"":""san-francisco-california"",""has_public_page"":true,""name"":""San Francisco, California""}",True,44961364,"San Francisco, California",san-francisco-california,,,1177182144,vijaysagarthumma,B92LL2OoouV,"1,584,473,281",,https://scontent-frx5-1.cdninstagram.com/v/t51.2885-15/sh0.08/e35/c315.0.810.810a/s640x640/90086848_200992194557412_2371148247081105147_n.jpg?_nc_ht=scontent-frx5-1.cdninstagram.com&_nc_cat=100&_nc_ohc=k4C8d_1qdckAX_64-RT&oh=94bd37e203ad74f2bee470ff37603103&oe=5E9ED370,false
"Mar 17, 2020 @ 19:28:09.594",1,GraphImage,TSb36XABCuLPJKLptf8E,insta_data-2020.02.26-000001,,_doc,"Photo by Yahvi in Yosemite National Park, USA with @lonelyplanet, @travelchannel, @justgoshoot, @travelandleisure, @matadornetwork, @tripadvisor, @passionpassport, @bbc_travel, @yosemitenps, @dametraveler, @travelawesome, @theculturetrip_, @theglobewanderer, @wearetravelgirls, and @california.",false,0,false,358,480,https://scontent-frx5-1.cdninstagram.com/v/t51.2885-15/e35/90089974_2636961149869404_2481493062888989142_n.jpg?_nc_ht=scontent-frx5-1.cdninstagram.com&_nc_cat=100&_nc_ohc=Q_oftncvfHsAX8LOjAO&oh=8af8e60fbb6604139dea13e4206f1e18&oe=5E9CE0DC,0,0,0,,,,2267048682301177403,"Mirror lake - yosemite, US .
.
.
#thatravelblog #livetravelchannel #travelstroke #lonelyplanet #bbctravel #justgoshoot #theglobewanderer #passionpassport #love #photooftheday #culturetrip #worlderlust #wearetravelgirls #lessismoreoutdoors #nakedplanet #yosemite #mirrorlake #yosemitenationalpark #usa #nationalpark #california #nature #travel #instayosemite #instatravel",false,false,"{""id"":""708142458"",""slug"":""yosemite-national-park-usa"",""has_public_page"":true,""name"":""Yosemite National Park, USA""}",True,708142458,"Yosemite National Park, USA",yosemite-national-park-usa,,,1928107468,yahvi98,B92LMPlFD47,"1,584,473,284",,https://scontent-frx5-1.cdninstagram.com/v/t51.2885-15/e35/c43.0.255.255a/90089974_2636961149869404_2481493062888989142_n.jpg?_nc_ht=scontent-frx5-1.cdninstagram.com&_nc_cat=100&_nc_ohc=Q_oftncvfHsAX8LOjAO&oh=eaa5606f7fae6e48e675eee0085927a5&oe=5E9B3730,false
